MatchID,SeasonMatchNumber,TeamName,Date_of_Match,Opponent,HomeOrAway,Outcome,GoalsFor,GoalsAgainst,Assists,MatchLength,FirstHalfLength,SecondHalfLength,Formation,Starters,Substitutes,Captains,CurrentStanding,PossessionPercent,ShotsFor,ShotsAgainst,ShotsOnGoal,ShotsOnGoalAgainst,BlockedShots,TotalPasses,PassingAccuracyPercentage,CornersFor,CornersAgainst,CrossesFor,CrossesAgainst,DualsWon,Saves,Clearances,FoulsPerpetrated,FoulsAgainst,YellowCardsRecieved,RedCardsRecieved,OwnGoals,ThrowInsFor,GoalsInMatchFor,GoalsInMatchAgainst,PKTime,PKsPlayers,PKScored,DirectionFor,HeightFor,OnWWOutFor,TouchedFor,DirectionAgainst,HeightAgainst,OnWWOutAgainst,TouchedAgainst
ccdd,xxx,As seen on Team ID sheet,ddmmyyyy,TeamID,home or away,"W, L, or D",xx,xx,xx,mmmss,mmss,mmss,x-x-x-x...,"""pp, pp, pp...""","""iioohmmm, ...""","""pp, pp ...""",xx,xx,xx,xx,xx,xx,xx,xx,xx,xx,xx,xx,xx,xx,xx,xx,xx,xx,xx,xx,xx,xx,"""ppaahmmmss, ppaahmmss""","""kkhmmmss""","""hmmmss, hmmmss""","""Spp or Kpp, ...""","""Y or N or R""","""R or L or C or NA""","""L or M or H or NA""","""On or WW or Off or NA""","""Y or N or NA""","""R or L or C or NA""","""L or M or H or NA""","""On or WW or Off or NA""","""Y or N or NA"""
0304,025,Chicago Red Stars,13042024,01,home,L,00,01,00,09917,4904,5013,4-3-3,"""01, 23, 03, 12, 28, 15, 04, 05, 55, 34, 24""","""08151046, 07552069, 10052069, 33342075""","""01""",02,44,10,07,04,04,03,256,76,05,04,16,11,48,02,14,16,11,01,00,01,28,X,"""01103937""",X,X,X,X,X,X,X,X,X,X,X
0104,025,Angel City FC,13042024,03,away,W,01,00,00,09917,4904,5013,4-3-3,"""13, 03, 11, 06, 27, 08, 28, 07, 21, 02, 10""","""29072064, 33102064, 26082072, 99282089""","""11""",14,56,07,10,04,04,02,357,82,04,05,11,16,65,01,36,11,16,03,00,00,25,"""OG28103937""",X,X,X,X,X,X,X,X,X,X,X,X
1217,116,San Diego Wave,23082024,01,home,L,01,02,01,10447,5150,5257,4-2-3-1,"""01, 14, 12, 02, 06, 15, 05, 10, 25, 77, 18""","""23152079, 20252062, 20122062, 07182061, 13102046""","""02""",10,48,11,11,02,06,05,231,71,06,05,23,09,64,04,13,10,15,00,00,00,33,"""0277209630""","""011001948, 01102818""",X,X,X,X,X,X,X,X,X,X,X
0117,116,Angel City FC,23082024,12,away,W,02,01,01,10447,5150,5257,4-2-3-1,"""13, 03, 06, 08, 99, 11, 27, 10, 17, 21, 24""","""23102089, 07172079, 16212079, 02242065""","""11""",11,52,11,11,06,02,01,285,75,05,06,09,23,56,01,28,15,10,01,00,00,27,"""2108101948, 2108102818""","""13209630""",X,X,X,X,X,X,X,X,X,X,X
0519,129,Kansas City Current,07092024,13,home,W,01,00,01,09517,4509,5008,4-1-3-2,"""01, 18, 27, 15, 04, 10, 16, 99, 05, 08, 06""","""11182061, 09082072, 22162085, 07992085""","""10""",03,56,13,10,05,06,01,455,82,07,05,20,16,52,06,17,09,07,00,00,00,25,"""0610204627""",X,X,X,X,X,X,X,X,X,X,X,X
1319,129,Utah Royals FC,07092024,05,away,L,00,01,00,09517,4509,5008,4-3-3,"""01, 03, 08, 18, 16, 17, 29, 26, 24, 33, 04""","""12162063, 22172072, 21112088, 07042088""","""04, 07""",14,44,10,13,06,05,01,321,74,05,07,16,20,40,04,26,07,09,00,00,00,22,X,"""01204627""",X,X,X,X,X,X,X,X,X,X,X
1413,085,Washington Spirit,15062024,12,home,D,01,01,00,10226,5003,5223,4-2-3-1,"""01, 03, 05, 09, 14, 17, 26, 16, 07, 02, 11""","""33141045, 13112078""","""01""",03,47,17,07,12,05,04,274,77,07,06,17,22,40,02,22,10,09,02,00,00,21,"""07XX209520""","""01101914""",X,X,X,X,X,X,X,X,X,X,X
1212,085,San Diego Wave,15062024,14,away,D,01,01,01,10226,5003,5223,4-2-3-1,"""01, 06, 02, 04, 14, 24, 21, 10, 11, 77, 13""","""15102064, 05112078, 19772078, 20132086"" ","""02""",09,53,07,17,05,12,02,294,75,06,07,22,17,42,07,21,09,10,04,00,00,24,"""1177101914""","""01209520""",X,X,X,X,X,X,X,X,X,X,X
1424,166,Washington Spirit,13102024,11,home,W,04,01,01,09909,4703,5206,4-2-3-1,"""01, 14, 24, 09, 26, 17, 22, 19, 16, 08, 33""","""05242067, 02162067, 06262075, 13192075, 04082086""","""01""",02,51,19,10,06,05,03,414,86,05,04,18,11,28,04,10,07,08,01,00,00,18,"""08XX103509, 0819104259, 33XX205539, 04XX209615""","""01207118""","""205539""",S33,Y,R,L,ON,N,NA,NA,NA,NA
1124,166,Racing Louisville FC,13102024,14,away,L,01,04,01,09909,4703,5206,4-2-3-1,"""01, 02, 05, 20, 03, 08, 26, 16, 88, 14, 09""","""07141046, 13882060, 17162087, 21082091""","""20""",09,49,10,19,05,06,00,383,83,04,05,11,18,38,02,13,08,07,00,00,00,12,"""1308207118""","""01103509, 01104259, 01205539, 001209615""","""205539""",K01,Y,NA,NA,NA,NA,R,L,On,N
1302,008,Utah Royals FC,22032024,07,home,W,02,01,02,10658,5147,5511,4-1-4-1,"""01, 16, 18, 08, 28, 06, 09, 19, 22, 04, 33""","""13281048, 11302066, 13192066, 21222080""","""04""",13,33,02,17,02,11,00,190,70,02,07,09,29,50,02,44,12,12,04,00,00,11,"""0804101432, 0918102912""","""01102523""","""205707, 205844""","""K01, K01""","""N, N""","""NA, NA""","""NA, NA""","""NA, NA""","""NA, NA""","""L, C""","""L, L""","""WW, On""","""N, Y"""
0702,008,North Carolina Courage,22032024,13,away,L,01,02,00,10658,5147,5511,4-3-3,"""14, 34, 05, 02, 10, 06, 13, 03, 07, 11, 01""","""23142064, 08342072, 94132073, 17062080, 16112080""","""10""",01,67,17,02,02,11,08,470,84,07,02,29,09,42,00,09,12,12,00,00,00,36,"""02XX102523""","""01101432, 01102912""","""205707, 205844""","""S07, S07""",N,"""L, C""","""L, L""","""WW, On""","""N, Y""","""NA, NA""","""NA, NA""","""NA, NA""","""NA, NA"""
0306,038,Chicago Red Stars,27042024,10,home,L,00,02,00,10719,5200,5519,4-2-3-1,"""09, 55, 34, 24, 04, 05, 32, 03, 12, 23, 01""","""11022057, 13052057, 26552065, 10342077, 30242077""","""01""",03,46,16,13,10,11,06,289,75,07,02,21,15,64,06,24,11,10,01,00,00,22,X,"""01100931, 01102518""",X,X,X,X,X,X,X,X,X,X,X
1006,038,Portland Thorns FC,27042024,03,away,W,02,00,02,10719,5200,5519,4-3-3,"""18, 23, 05, 04, 02, 21, 17, 08, 22, 12, 09""","""16122046, 13212061, 25232061, 15222074, 19092087""","""04""",09,54,13,16,10,11,02,359,78,02,07,15,21,47,03,22,10,11,03,00,00,23,"""0908100931, 0912102518""",X,X,X,X,X,X,X,X,X,X,X,X
0110,069,Angel City FC,23052024,12,home,D,00,00,00,10337,4902,5435,4-2-3-1,"""02, 21, 29, 10, 07, 99, 20, 06, 27, 03, 13""","""17292062, 16152063, 28992073, 09202079""","""10""",09,51,11,15,09,07,04,333,81,05,06,22,03,53,05,31,09,12,02,00,00,18,X,X,X,X,X,X,X,X,X,X,X,X,X
1210,069,San Diego Wave,23052024,01,away,D,00,00,00,10337,4902,5435,4-4-2,"""11, 23, 77, 24, 21, 18, 14, 04, 02, 06, 01""","""13232063, 10182063, 05212074, 19772074""","""02""",08,49,15,11,07,09,02,285,77,06,05,34,22,48,05,17,12,09,01,00,00,24,X,X,X,X,X,X,X,X,X,X,X,X,X
0224,165,Bay FC,12102024,05,home,L,00,01,00,10819,5644,5135,4-3-3,"""55, 08, 21, 19, 23, 10, 20, 04, 13, 03, 99""","""02102072, 15192087""","""04""",08,57,07,12,03,04,03,425,83,07,05,16,06,41,03,10,07,09,02,00,00,14,X,"""99103410""",X,X,X,X,X,X,X,X,X,X,X
0524,165,Kansas City Current,12102024,02,away,W,01,00,00,10819,5644,5135,4-2-3-1,"""08, 17, 99, 06, 14, 10, 04, 15, 27, 05, 01""","""16142071, 18042079, 07172079, 22992087, 66082088""","""10""",04,43,12,07,03,04,03,322,81,05,07,06,16,46,02,17,09,07,03,00,00,15,"""06XX103410""",X,X,X,X,X,X,X,X,X,X,X,X
1306,039,Utah Royals FC,27042024,04,home,D,00,00,00,09845,4859,5046,4-3-3,"""01, 16, 05, 08, 03, 12, 21, 10, 09, 33, 04""","""13122062, 20302084""","""04""",14,52,11,07,07,05,03,301,78,05,04,16,15,53,01,16,16,18,01,00,00,30,X,X,X,X,X,X,X,X,X,X,X,X,X
0406,039,Houston Dash,27042024,13,away,D,00,00,00,09845,4859,5046,3-5-2,"""01, 07, 04, 17, 30, 10, 13, 31, 28, 11, 09""","""16221046, 15102064, 20042064, 14282075""","""01""",12,48,07,11,05,07,03,278,77,04,05,15,16,45,04,11,18,16,03,00,00,30,X,X,X,X,X,X,X,X,X,X,X,X,X
1219,133,San Diego Wave,08092024,07,home,L,01,04,01,10946,5441,5505,4-2-3-1,"""13, 69, 77, 25, 15, 05, 14, 04, 12, 20, 01""","""07131015, 24151046, FR012061, 22692063, 06052063, 18772085""","""13, 01, 04""",11,49,11,15,04,06,04,352,82,06,05,15,13,37,02,12,04,07,00,01,00,22,"""1277101214""","""01100306, 01101959, 01104448, 22209324""","""100910""",S13,N,L,M,On,Y,NA,NA,NA,NA
0719,133,North Carolina Courage,08092024,12,away,W,04,01,04,10946,5441,5505,4-2-3-1,"""05, 23, 02, 14, 10, 17, 13, 03, 07, 11, 01""","""09132061, 77232073, 08142073, 25022088, ""27112088""","""10""",06,51,15,11,06,04,01,388,86,05,06,13,15,34,03,10,07,04,01,00,00,24,"""0507100306, 2007101959, 2307104448, 2520209324""","""01101214""","""100910""",K01,N,NA,NA,NA,NA,L,M,On,Y
0302,009,Chicago Red Stars,23032024,08,home,W,02,01,01,10013,4807,5206,4-2-3-1,"""34, 26, 09, 24, 04, 05, 32, 03, 12, 28, 01""","""07261046, 15342078, 13052079, 33092084""","""01""",02,38,06,16,05,09,02,242,70,02,07,10,29,48,01,36,08,05,01,00,00,20,"""05XX104150, 2832206702""","""01206221""",X,X,X,X,X,X,X,X,X,X,X
0802,009,Seattle Reign FC,23032024,03,away,L,01,02,00,10013,4807,5206,4-3-1-2,"""09, 08, 91, 06, 05, 10, 11, 21, 03, 17, 01""","""22172069, 33062069, 47092081, 23082081""","""03""",04,62,16,06,09,05,07,450,79,07,02,29,10,53,01,27,05,08,01,00,00,35,"""91XX206221""","""01104150, 01206702""",X,X,X,X,X,X,X,X,X,X,X
1301,004,Utah Royals FC,16032024,03,home,L,00,02,00,10251,4943,5308,4-1-4-1,"""33, 09, 19, 22, 04, 06, 16, 18, 08, 28, 27""","""13192069, 20062069, 11042088""","""04""",X,67,20,12,12,06,07,416,83,06,05,16,19,36,03,23,07,10,02,00,00,25,X,"""27204924, 27207621""",X,X,X,X,X,X,X,X,X,X,X
0301,004,Chicago Red Stars,16032024,13,away,W,02,00,02,10251,4943,5308,4-4-2,"""34, 09, 55, 05, 04, 26, 28, 12, 03, 32, 01""","""07342061, 33262061, 24092081, 15552094""","""01""",X,33,12,20,06,12,01,158,68,05,06,19,16,29,05,17,10,07,02,00,00,14,"""3403204924, 0733207621""",X,X,X,X,X,X,X,X,X,X,X,X
0324,163,Chicago Red Stars,12102024,06,home,L,00,02,00,10158,4731,5427,4-2-3-1,"""01, 32, 41, 04, 23, 21, 20, 34, 10, 09, 14""","""24342076, 08102089, 33022096""","""01""",06,40,02,12,01,05,00,215,70,02,05,05,27,51,03,26,10,07,01,00,00,23,X,"""01208654, 01209722""","""208654""",K01,Y,NA,NA,NA,NA,R,L,On,N
0624,163,NJ/NY Gotham FC,12202024,03,away,W,02,00,01,10158,4731,5427,4-1-4-1,"""09, 18, 16, 17, 10, 14, 27, 06, 15, 02, 30""","""17151046, 13112061, 22022074, 20172074, 05272083""","""10""",03,60,12,02,05,01,04,382,85,05,02,27,05,47,01,04,07,10,02,00,00,29,"""10XX208654, 0920209722""",X,"""208654""",S10,Y,R,L,On,N,NA,NA,NA,NA
0911,070,Orlando Pride,24052024,10,home,W,02,01,00,09851,4823,5028,4-4-2,"""01, 25, 03, 04, 06, 09, 16, 02, 20, 22, 10""","""11221046, 31202068, 32162076, 29092087, 20252087""","""10""",01,45,22,12,16,05,11,322,81,07,02,17,22,43,03,21,06,09,01,00,00,26,"""22XX102905, 22XX103927""","""01207030""",X,X,X,X,X,X,X,X,X,X,X
1011,070,Portland Thorns FC,24052024,09,away,L,01,02,01,09851,4823,5028,4-3-3,"""18, 02, 20, 04, 23, 17, 21, 08, 13, 12, 16""","""11021046, 15211046, 24121062, 19162072, 25232072""","""04""",04,55,12,22,05,16,01,410,84,02,07,22,17,57,03,25,09,06,02,00,00,24,"""2413207030""","""18102905, 18103927""",X,X,X,X,X,X,X,X,X,X,X
0413,087,Houston Dash,15062024,01,home,D,00,00,00,11328,5157,6131,3-5-2,"""01, 07, 04, 03, 08, 17, 13, 25, 30, 28, 11""","""09222060, 16282061, 31102079, 10172094""","""01""",11,42,09,14,04,11,03,204,65,02,06,10,17,62,05,21,14,17,02,00,00,17,X,X,"""205408""",K01,N,NA,NA,NA,NA,L,L,On,Y
0112,087,Angel City FC,15062024,04,away,D,00,00,00,11328,5157,6131,4-2-3-1,"""13, 03, 11, 27, 20, 28, 99, 21, 29, 10, 02""","""16102063, 06112063, 24992073, 09202073, 17292086""","""11, 03""",12,58,14,09,11,04,03,350,80,06,02,17,10,52,01,16,17,14,01,00,00,39,X,X,"""205408""",S10,N,L,L,On,Y,NA,NA,NA,NA
1222,152,San Diego Wave,28092024,10,home,W,02,00,01,09731,4506,5225,4-2-3-1,"""01, 75, 14, 04, 12, 24, 05, 77, 15, 69, 07""","""18072059, 25152059, 20122059, 11752075, 20692089""","""01""",12,59,15,16,04,06,06,440,83,04,03,24,12,43,06,15,08,11,00,00,00,19,"""18XX206851, 2577207346""",X,X,X,X,X,X,X,X,X,X,X,X
1022,152,Portland Thorns FC,28092024,12,away,L,00,02,00,09731,4506,5225,3-4-1-2,"""30, 05, 04, 20, 02, 17, 21, 23, 13, 12, 22""","""15222070, 24122081, 11202081, 77212089""","""04""",06,41,16,15,06,04,04,278,73,03,04,12,24,51,02,23,11,08,00,00,00,21,X,"""30206851, 20207346""",X,X,X,X,X,X,X,X,X,X,X
0617,115,NJ/NY Gotham FC,24082014,10,home,W,02,00,02,10120,4935,5145,4-2-3-1,"""30, 02, 27, 06, 03, 17, 14, 28, 09, 18, 13""","""22021046, 16122054, 15062054, 07282083, 08142089""","""14, 07""",04,52,16,09,09,03,02,390,83,03,02,15,12,46,03,12,08,09,00,00,00,20,"""1303100644, 1816206906""",X,X,X,X,X,X,X,X,X,X,X,X
1017,115,Portland Thorns FC,24082024,06,away,L,00,02,00,10120,4935,5145,4-4-2,"""13, 12, 24, 21, 08, 77, 02, 20, 04, 23, 18""","""5242056, 66122056, 11022067, 25212078, 29772078""","""04""",05,48,09,16,03,09,04,342,79,02,03,12,15,45,07,14,09,08,01,00,00,22,X,"""18100644, 18206906""",X,X,X,X,X,X,X,X,X,X,X
1024,162,Portland Thorns FC,11102024,09,home,W,02,00,02,10113,4910,5203,4-4-2,"""18, 02, 04, 05, 11, 22, 21, 17, 15, 12, 13""","""24222063, 23122080, 27152080, 77132091""","""12, 04""",07,42,16,10,06,04,05,284,78,04,04,10,19,55,04,18,11,09,02,00,00,24,"""220210156, 1217205444""",X,X,X,X,X,X,X,X,X,X,X,X
0924,162,Orlando Pride,11202024,10,away,L,00,02,00,10113,4910,5203,4-3-3,"""11, 20, 17, 15, 28, 25, 12, 31, 01, 19, 01""","""30282055, 22192065, 06122065, 09072065, 10112076""","""03, 10""",01,58,10,16,04,06,01,415,84,04,04,19,10,47,04,13,09,11,01,00,00,27,X,"""01101156, 01205444""",X,X,X,X,X,X,X,X,X,X,X
0525,170,Kansas City Current,19102024,12,home,W,04,01,01,10126,4907,5219,4-3-3,"""01, 18, 27, 15, 05, 14, 10, 17, 06, 08, 16""","""99062071, 12042071, 22162078, 66172078, 11142081""","""10, 11""",04,42,15,08,07,01,05,306,80,04,12,14,25,39,01,25,11,11,00,00,00,13,"""17XX102150, OG01103005, 0608205354, 9908207910""","""01208745""",X,X,X,X,X,X,X,X,X,X,X
1225,170,San Diego Wave,19102024,05,away,L,01,04,00,10126,4907,5219,4-2-3-1,"""18, 69, 21, 15, 24, 05, 16, 04, 14, 75, 01""","""07181046, 11241046, 77212063, 19152081""","""01""",13,58,08,15,01,07,01,421,82,12,04,25,14,34,04,11,11,11,01,00,01,22,"""69XX208745""","""01102150, 01103005, 01205354, 01207910""",X,X,X,X,X,X,X,X,X,X,X
0503,016,Kansas City Current,30032024,01,home,W,04,02,03,11018,5147,5831,4-2-3-1,"""09, 77, 16, 06, 10, 14, 18, 24, 07, 05, 21""","""94162072, 02092093, 12772093, 11102102""","""10, 11""",02,42,17,17,14,11,04,247,74,05,10,19,24,48,03,31,10,10,01,00,00,24,"""1606100558, 7716104527, 0609205041, 09XX209111""","""21204919, 21207755""",X,X,X,X,X,X,X,X,X,X,X
0103,016,Angel City FC,30032024,05,away,L,02,04,01,11018,5147,5831,4-3-3,"""10, 02, 21, 08, 26, 17, 27, 11, 14, 05, 19""","""07102065, 24022066, 15052083""","""05, 11""",11,58,17,17,11,14,06,362,78,10,05,24,19,43,05,25,10,10,02,00,00,37,"""0210204919, 24XX207755""","""19100558, 19104527, 19205041, 19209111""",X,X,X,X,X,X,X,X,X,X,X
1108,055,Racing Louisville FC,10052024,14,home,L,01,02,00,10039,5729,5310,4-2-3-1,"""01, 02, 03, 20, 16, 14, 26, 09, 07, 13, 23""","""66092072""","""20""",08,52,14,09,09,05,03,311,76,02,04,13,06,56,02,09,10,02,02,00,01,26,"""07XX105045""","""0110408, 01103354""","""102508""",S07,N,R,L,On,Y,NA,NA,NA,NA
1409,055,Washington Spirit,10052024,11,away,W,02,01,01,10039,5729,5310,4-2-3-1,"""11, 02, 07, 33, 17, 12, 14, 09, 05, 06, 01""","""16122066, 13112073, 26072073, 04022076, 03332076""","""01""",03,48,09,14,05,09,02,268,72,04,02,06,13,51,05,15,17,10,03,00,00,13,"""110710408, OG02103354""","""01105045""","""102508""",K01,N,NA,NA,NA,NA,R,L,On,Y
0923,161,Orlando Pride,06102024,14,home,W,02,00,00,10419,4926,5453,4-2-3-1,"""01, 25, 03, 06, 31, 15, 16, 19, 09, 10, 22""","""28162063, 20192070""","""10""",01,51,17,11,04,04,02,344,84,03,06,13,15,60,05,16,06,22,00,00,00,19,"""10XX205602, OG09207212""",X,"""205602""",S10,Y,L,M,On,Y,NA,NA,NA,NA
1423,161,Washington Spirit,06102024,09,away,L,00,02,00,10419,4926,5453,4-4-2,"""01, 14, 05, 09, 24, 26, 22, 12, 16, 33, 19""","""08161046, 04052058, 13332073, 06222073, 32122092""","""01""",02,49,11,17,04,04,05,308,80,06,03,15,13,38,03,13,22,06,03,00,01,21,X,"""01205602, 01207212""","""205602""",K01,Y,NA,NA,NA,NA,L,M,On,Y
0621,146,NJ/NY Gotham FC,22092024,13,home,W,01,00,01,10121,4856,5125,4-2-3-1,"""30, 02, 15, 06, 27, 16, 17, 10, 09, 18, 13""","""05132063, 19102063, 22022087, 77172087, 03092090""","""10, 15""",04,52,16,12,10,03,05,372,79,06,04,18,09,58,02,14,08,15,00,00,00,17,"""1810100207""",X,X,X,X,X,X,X,X,X,X,X,X
1321,146,Utah Royals FC,22092024,06,away,L,00,01,00,10121,4856,5125,4-2-3-1,"""01, 03, 08, 18, 12, 26, 22, 24, 04, 20, 33""","""07202065, 21102065, 16122075, 06222089""","""04""",13,48,12,16,03,10,04,326,76,04,06,09,18,44,09,18,15,08,02,00,00,23,X,"""01100207""",X,X,X,X,X,X,X,X,X,X,X
0426,180,Houston Dash,02112024,02,home,L,02,03,02,10432,4712,5720,4-2-3-1,"""18, 02, 33, 04, 07, 17, 13, 21, 15, 30, 14""","""19172068, 22142079, 10212069, 27132088"" ","""04""",14,50,10,18,05,07,03,303,78,03,07,12,17,55,05,13,11,17,02,00,01,21,"""1517101312, 3014204526""","""18100928, 18102016, 18205315""",X,X,X,X,X,X,X,X,X,X,X
0226,180,Bay FC,02112024,04,away,W,03,02,02,10432,4712,5720,4-2-3-1,"""08, 21, 12, 09, 19, 23, 03, 13, 04, 20, 00""","""02202046, 55082046, 24022085, 18192096, 15092098""","""04""",08,50,18,10,07,05,05,311,81,07,03,17,12,48,03,10,17,11,01,00,00,19,"""OG07100928, 0919102016, 0902205315""","""00101312, 00204526""",X,X,X,X,X,X,X,X,X,X,X
1317,114,Utah Royals FC,23082024,02,home,W,02,01,01,10517,5003,5514,4-2-3-1,"""01, 16, 18, 08, 03, 26, 17, 04, 09, 29, 33""","""24112061, 10262061, 22042080, 12162090""","""04, 08""",14,41,11,19,03,07,04,248,75,03,12,07,31,33,41,28,11,10,01,00,00,18,"""0417204756, OG04205442""","""01208216""",X,X,X,X,X,X,X,X,X,X,X
0217,114,Bay FC,23082024,13,away,L,01,02,01,10517,5003,5514,4-3-3,"""21, 10, 09, 12, 23, 19, 03, 04, 05, 02, 00""","""08102066, 20022067, 24052076""","""04""",08,59,19,11,07,03,03,372,82,12,03,31,07,41,02,14,10,11,00,00,01,26,"""0921208216""","""00204756, 00205442""",X,X,X,X,X,X,X,X,X,X,X
0706,037,North Carolina Courage,27042024,08,home,W,01,00,01,10324,5056,5228,4-2-3-1,"""01, 11, 07, 03, 13, 06, 10, 14, 02, 23, 08""","""94232062, 34082062, 13142078, 17022078, 16062089""","""10""",04,55,10,16,05,10,01,428,81,02,03,16,13,41,06,23,07,08,01,00,00,20,"""1402103653""",X,X,X,X,X,X,X,X,X,X,X,X
0806,037,Seattle Reign FC,27042024,07,away,L,00,01,00,10324,5056,5228,4-2-3-1,"""18, 11, 04, 03, 21, 06, 05, 24, 10, 23, 91""","""33051005, 08062070, 47122070, 22212070, 26232082""","""03""",13,45,16,10,10,05,05,315,75,03,02,13,16,53,03,20,08,07,00,00,00,27,X,"""18103653""",X,X,X,X,X,X,X,X,X,X,X
1101,002,Racing Louisville FC,16032024,09,home,D,02,02,02,10507,4900,5607,4-2-3-1,"""01, 16, 20, 04, 02, 26, 19, 29, 07, 23, 66""","""07192066, 13662066, 09232072, 10292087""","""20""",X,48,08,08,05,06,01,342,81,02,06,15,17,41,01,24,14,10,04,00,01,21,"""2366101205, 2923101803""","""01102357, 01208539""",X,X,X,X,X,X,X,X,X,X,X
0901,002,Orlando Pride,16032024,11,away,D,02,02,01,10507,4900,5607,4-2-3-1,"""09, 20, 10, 15, 08, 16, 02, 06, 03, 25, 01""","""28162070, 32102071, 30082075, 13022083, 29202083""","""10, 06""",X,52,08,08,06,05,04,357,79,06,02,17,15,54,02,18,10,14,01,01,00,25,"""OG04102357, 2829208539""","""01101205, 01101803""",X,X,X,X,X,X,X,X,X,X,X
0410,064,Houston Dash,17052024,10,home,L,00,02,00,10529,5310,5219,3-4-3,"""01, 08, 04, 07, 05, 17, 13, 30, 28, 09, 15""","""16052063, 22092064, 20132076, 19152088, 10282088""","""01""",10,51,12,22,07,18,04,335,79,05,08,16,14,53,08,22,03,10,01,00,00,36,X,"""01205515, 01206726""",X,X,X,X,X,X,X,X,X,X,X
1010,064,Portland Thorns FC,17052024,04,away,W,02,00,02,10529,5310,5219,4-3-3,"""16, 19, 09, 17, 13, 08, 02, 20, 04, 23, 18""","""12192060, 15162069, 21132069, 27092093, 25082093""","""04""",04,49,22,12,18,07,08,311,77,08,05,14,16,47,03,19,10,03,00,00,00,28,"""1908205515, 1316206726""",X,X,X,X,X,X,X,X,X,X,X,X
1324,167,Utah Royals FC,13102024,08,home,W,03,00,01,10404,5300,5104,4-2-3-1,"""01, 16, 18, 08, 12, 26, 17, 24, 09, 15, 29""","""22131046, 20112079, 35242090, 09072090""","""08""",13,64,23,03,09,01,09,449,85,07,01,15,13,25,01,09,12,10,02,00,00,20,"""24XX100249, 2410101958, 2426105036""",X,X,X,X,X,X,X,X,X,X,X,X
0824,167,Seattle Reign FC,13102024,13,away,L,00,03,00,10404,5300,5104,4-3-3,"""01, 31, 32, 21, 25, 16, 06, 12, 34, 09, 47""","""23472065, 12072065, 45072074, 91122074, 30092074""","""09""",12,36,03,23,01,09,00,208,72,01,07,13,15,34,05,18,10,12,01,01,00,20,X,"""01100249, 01101958, 01105036""",X,X,X,X,X,X,X,X,X,X,X
1023,160,Portland Thorns FC,05102024,13,home,L,01,02,00,10543,5112,5431,3-4-1-2,"""18, 05, 04, 20, 23, 21, 17, 02, 13, 22, 12""","""15232073, 11202077, 77222091""","""12""",07,45,13,21,04,09,05,296,76,03,04,13,08,55,07,12,09,08,00,00,00,18,"""13XX205225""","""18204647, 18204928""","""205224""","""S13""",Y,L,L,On,N,NA,NA,NA,NA
1323,160,Utah Royals FC,05102024,10,away,W,02,01,01,10543,5112,5431,4-2-3-1,"""33, 29, 09, 24, 26, 17, 12, 08, 18, 16, 01""","""20112058, 22092099""","""08""",14,55,21,13,09,04,06,411,83,04,03,08,13,30,03,17,08,09,00,00,00,26,"""3309204647, 29XX204928""","""01205225""","""205224""","""K01""",Y,NA,NA,NA,NA,L,L,On,N
1016,106,Portland Thorns FC,05072024,12,home,W,01,00,01,10016,4805,5211,4-2-3-1,"""18, 23, 04, 05, 02, 17, 08, 09, 21, 16, 12""","""39052046, 24122075, 11232075, 19212089"" ","""04""",05,44,17,13,12,06,04,248,73,05,04,13,29,36,02,30,07,07,01,00,00,23,"""2416208435""",X,X,X,X,X,X,X,X,X,X,X,X
1216,106,San Diego Wave,05072024,10,away,L,00,01,00,10016,4805,5211,4-2-3-1,"""13, 15, 11, 77, 05, 21, 06, 02, 04, 14, 01""","""24112056, 18152056, 25772074, 23212089, 20142089""","""02""",09,56,13,17,06,12,04,320,76,04,05,29,13,51,07,14,07,07,02,00,00,28,X,"""01208435""",X,X,X,X,X,X,X,X,X,X,X
0810,068,Seattle Reign FC,19052024,09,home,L,02,03,02,10450,5045,5405,4-1-4-1,"""18, 21, 03, 04, 11, 33, 23, 10, 06, 08, 91""","""25031046, 24332067, 12062083, 47232083, 26912087""","""10""",12,52,15,08,10,06,04,431,82,02,04,15,18,47,01,21,14,08,01,01,00,22,"""0691104914, 0810204711"" ","""18100834, 18101730, 18205753""",X,X,X,X,X,X,X,X,X,X,X
0910,068,Orlando Pride,19052024,08,away,W,03,02,01,10450,5045,5405,4-4-2,"""22, 10, 09, 30, 02, 28, 06, 04, 03, 25, 01""","""20281046, 31092063, 32102078, 11202078, 29222092""","""10, 03""",02,48,08,15,06,10,02,386,79,04,02,18,15,35,04,15,08,14,02,00,00,23,"""06XX100834, 2209101730, 22XX205753""","""01104914, 01204711""",X,X,X,X,X,X,X,X,X,X,X
0926,178,Orlando Pride,02112024,08,home,W,03,02,02,10140,5122,5018,4-4-2,"""01, 25, 03, 06, 31, 28, 14, 02, 11, 22, 10""","""15142046, 09102061, 16022074, 30282074, 17112094""","""10, 03""",01,56,24,07,09,04,10,450,88,06,02,20,17,36,02,15,08,09,01,00,00,19,"""112810833, 25XX102459, 1006205625""","""01100951, 01208357""",X,X,X,X,X,X,X,X,X,X,X
0826,178,Seattle Reign FC,02112024,09,away,L,02,03,02,10140,5122,5018,4-1-4-1,"""01, 24, 32, 03, 31, 12, 47, 30, 91, 23, 09""","""21032058, 06302058, 34472058, 27232077, 06912089""","""03""",13,44,07,24,04,09,00,333,84,02,06,17,20,37,05,19,09,08,00,00,00,20,"""0923100951, 2724208357""","""01100833, 01102459, 01205625""",X,X,X,X,X,X,X,X,X,X,X
1403,020,Washington Spirit,31032024,13,home,W,02,01,01,11146,5813,5333,4-2-3-1,"""01, 03, 05, 09, 14, 17, 12, 16, 07, 02, 11""","""13112079, 26122086""","""01""",06,40,18,13,14,08,08,254,76,08,03,16,18,46,05,18,11,11,00,00,00,24,"""12XX102019, 1102102944""","""01207010""","""102019""","""S19""",Y,R,M,On,N,NA,NA,NA,NA
1303,020,Utah Royals FC,31032024,14,away,L,01,02,01,11146,5813,5333,4-3-3,"""01, 03, 08, 18, 16, 19, 06, 22, 09, 33, 04""","""11191046, 13042073, 20222083, 07112099""","""04""",08,60,13,18,08,14,02,430,86,03,08,18,16,44,04,12,11,11,02,00,00,26,"""0922207010""","""01102019, 01102944""","""102019""","""K19""",Y,NA,NA,NA,NA,R,M,On,N
0213,089,Bay FC,16062024,13,home,L,00,01,00,10328,4912,5416,4-2-3-1,"""00, 20, 27, 04, 03, 18, 23, 21, 12, 09, 08""","""10082059, 19182060, 11212075""","""04""",10,51,09,11,04,07,01,312,77,03,04,17,11,38,04,13,15,07,04,00,00,36,X,"""00208832""",X,X,X,X,X,X,X,X,X,X,X
1313,089,Utah Royals FC,16062024,02,away,W,01,00,01,10328,4912,5416,4-3-3,"""01, 12, 08, 17, 05, 14, 10, 22, 15, 09, 20""","""16051025, 30202046, 07132075, 13122075, 04222090""","""10""",14,49,11,09,07,04,02,297,74,04,03,11,17,56,03,26,07,15,00,00,00,26,"""0809208832""",X,X,X,X,X,X,X,X,X,X,X,X
0701,003,North Carolina Courage,16032024,04,home,W,05,01,02,10856,5159,5657,4-3-3,"""01, 11, 07, 03, 13, 06, 10, 02, 05, 08, 14""","""34082062, 17062074, 23142074, 16022090, 94052090""","""10""",X,59,20,07,14,04,06,411,82,05,07,23,15,51,03,20,08,06,01,00,01,31,"""07XX101840, 05XX205356, 2334207630, 23XX208552, 1794209825""","""01206436""","""101839""","""S07""",Y,R,L,On,N,NA,NA,NA,NA
0401,003,Houston Dash,16032024,07,away,L,01,05,00,10856,5159,5657,3-1-4-2,"""05, 09, 30, 10, 19, 07, 13, 17, 08, 33, 01""","""12102063, 15192063, 22172063, 11052073""","""01""",X,41,07,20,04,14,01,250,73,07,05,15,23,47,03,25,06,08,01,00,00,35,"""OG03206436""","""01101840, 01205356, 01207630, 01208552, 01209825""","""101839""","""K01""",Y,NA,NA,NA,NA,R,L,On,N
1014,095,Portland Thorns FC,23062024,05,home,L,01,04,01,10255,5110,5145,4-2-3-1,"""18, 23, 04, 20, 11, 25, 08, 09, 21, 16, 24""","""27212046, 15162046, 12242068, 17252068, 02112077""","""04""",05,52,14,19,09,11,03,400,84,04,04,09,24,45,03,29,12,13,01,00,00,16,"""0917207258""","""18102951, 18103736, 18103949, 18204647""",X,X,X,X,X,X,X,X,X,X,X
0514,095,Kansas City Current,23062024,10,away,W,04,01,03,10255,5110,5145,4-2-3-1,"""21, 04, 07, 12, 18, 10, 14, 17, 99, 06, 09""","""05092065, 22992079, 47062094, 11142094, 78172094""","""10""",01,48,19,14,11,09,03,333,79,04,04,24,04,49,05,12,13,12,00,00,00,23,"""1006102951, 1207103736, 10XX103949, 0607204647""","""21207258""",X,X,X,X,X,X,X,X,X,X,X
1215,100,San Diego Wave,28062024,03,home,L,00,03,00,09709,4713,4956,4-2-3-1,"""01, 14, 04, 02, 06, 21, 05, 77, 11, 15, 13""","""25152071, 16062076, 17772082""","""13""",09,69,16,08,08,04,04,376,77,05,02,26,05,43,02,10,07,09,01,00,01,34,X,"""01104150, 01206612, 01206844""","""207358""","""S13""",N,R,H,Out,N,NA,NA,NA,NA
0315,100,Chicago Red Stars,28062024,12,away,W,03,00,01,09709,4713,4956,4-3-3,"""24, 55, 09, 20, 13, 04, 23, 41, 03, 12, 01""","""08552046, 11242079, 33092090, 10132091""","""01""",07,31,08,16,04,08,00,124,54,02,05,05,26,44,04,38,09,07,02,00,00,29,"""OG04104150, 0908206612, 08XX206844""",X,"""207358""","""K01""",N,NA,NA,NA,NA,R,H,Out,N
0603,026,NJ/NY Gotham FC,14042024,05,home,D,01,01,01,09808,4605,5203,4-3-3,"""38, 15, 77, 21, 03, 14, 17, 06, 28, 09, 18""","""02142046, 19212046, 10172059, 08282093""","""15""",07,60,14,10,07,05,02,370,79,08,04,23,10,45,03,21,11,08,01,00,00,36,"""0911205105""","""38101656""",X,X,X,X,X,X,X,X,X,X,X
0504,026,Kansas City Current,14042024,06,away,D,01,01,01,09808,4605,5203,4-2-3-1,"""09, 06, 16, 77, 14, 22, 05, 07, 24, 18, 21""","""94162066, 17772066, 04182067, 47062086""","""21""",01,40,10,14,05,07,01,201,64,04,08,10,23,56,04,29,08,11,01,00,00,21,"""0609101656""","""38205105""",X,X,X,X,X,X,X,X,X,X,X
1008,048,Portland Thorns FC,04052024,14,home,W,02,01,02,10203,4822,5341,4-1-4-1,"""18, 23, 04, 05, 11, 17, 09, 08, 21, 16, 12""","""19162061, 15122061, 13212061, 02232089, 27082090""","""04""",07,38,10,19,06,12,02,270,76,01,04,06,13,53,04,20,07,11,00,00,00,24,"""1708100321, 1205102103""","""18208558""",X,X,X,X,X,X,X,X,X,X,X
1408,048,Washington Spirit,04052024,10,away,L,01,02,01,10203,4822,5341,4-2-3-1,"""01, 14, 09, 05, 06, 12, 26, 13, 07, 02, 11""","""17262046, 33132046, 16062065, 04112071, 39072079""","""01""",03,62,19,10,12,06,07,458,81,04,01,13,06,50,02,05,11,07,01,00,00,32,"""0402208558""","""01100321, 01102103""",X,X,X,X,X,X,X,X,X,X,X
0907,042,Orlando Pride,01052024,09,home,W,04,01,03,10604,5002,5602,4-4-2,"""01, 25, 03, 04, 06, 28, 02, 15, 20, 22, 11""","""12202066, 29282076, 30222083, 07112083""","""03""",04,34,14,07,12,02,03,206,68,06,02,10,05,66,00,11,11,14,00,00,01,37,"""1122102846, 2211103944, 20XX104650, 2212207613""","""01205142""",X,X,X,X,X,X,X,X,X,X,X
0707,042,North Carolina Courage,01052024,07,away,L,01,04,00,10604,5002,5602,4-2-3-1,"""01, 13, 03, 07, 11, 10, 06, 14, 02, 05, 34""","""94052058, 23142058, 08342066. 17022067, 16062077""","""10""",02,66,07,14,02,12,02,505,85,02,06,05,10,49,05,15,14,11,01,00,00,20,"""OG06205142""","""01102846, 01103944, 01104650, 01207613""",X,X,X,X,X,X,X,X,X,X,X
0704,023,North Carolina Courage,13042024,10,home,W,02,00,02,10200,5221,4939,4-2-3-1,"""01, 11, 07, 03, 13, 06, 10, 05, 02, 14, 34""","""23132078, 08022087, 17062087, 16342092""","""10""",03,56,08,14,04,09,01,497,85,01,06,14,14,41,04,21,08,11,00,00,00,28,"""1402100401, 0514103458""",X,X,X,X,X,X,X,X,X,X,X,X
1004,023,Portland Thorns FC,13042024,07,away,L,00,02,00,10200,5221,4939,4-3-3,"""18, 23, 05, 04, 02, 08, 17, 13, 16, 09, 22""","""20052059, 21162059, 12132072, 19082087""","""04""",13,44,14,08,09,04,05,373,81,06,01,14,14,37,01,12,11,08,02,00,00,30,X,"""18100401, 18103458""",X,X,X,X,X,X,X,X,X,X,X
0407,049,Houston Dash,05052024,05,home,D,01,01,01,09944,4758,5046,3-1-4-2,"""01, 04, 07, 08, 20, 18, 31, 28, 30, 09, 14""","""15142046, 10202063, 11162084, 19092093""","""??""",12,45,08,29,06,20,03,291,76,01,09,08,33,47,12,33,12,15,01,00,00,23,"""1615207024""","""01102353""",X,X,X,X,X,X,X,X,X,X,X
0507,049,Kansas City Current,05052024,04,away,D,01,01,01,09944,4758,5046,4-3-3,"""06, 94, 77, 22, 14, 16, 04, 07, 24, 18, 21""","""10222046, 99162067, 17942067, 05042069, 47772082""","""21""",01,55,29,08,20,06,06,347,78,09,01,33,08,63,02,08,15,13,00,00,00,27,"""0616102353""","""21207024""",X,X,X,X,X,X,X,X,X,X,X
0611,078,NJ/NY Gotham FC,08062024,01,home,W,02,01,02,10830,5100,5730,4-4-2,"""30, 02, 15, 06, 22, 14, 18, 19, 17, 16, 13""","""77142063, 28182063, 09192063, 07132077, 16222093""","""15, 07""",05,51,17,10,13,09,08,332,77,09,02,19,13,53,05,17,11,04,01,00,00,27,"""1918202545, 16XX206118""","""30205004""",X,X,X,X,X,X,X,X,X,X,X
0111,078,Angel City FC,08062024,06,away,L,01,02,01,10830,5100,5730,4-2-3-1,"""13, 20, 27, 06, 16, 28, 07, 21, 29, 10, 02""","""03202063, 99112063, 06102071, 12162075, 17292075""","""10, 03""",11,49,10,17,09,13,03,322,76,02,09,13,19,53,25,25,04,11,01,00,00,24,"""2921205004""","""13102545, 13206118""",X,X,X,X,X,X,X,X,X,X,X
0121,147,Angel City FC,23092024,10,home,D,02,02,01,10335,4800,5535,4-2-3-1,"""13, 27, 06, 11, 03, 99, 04, 21, 08, 10, 02""","""17082067, 16242080, 06212080. 11042087""","""11""",09,56,15,13,04,07,06,396,80,06,04,28,13,43,05,22,09,09,00,00,00,25,"""2108100930, 1003207509""","""13204909, 13206356""",X,X,X,X,X,X,X,X,X,X,X
1021,147,Portland Thorns FC,23092024,01,away,D,02,02,02,10335,4800,5535,3-5-2,"""30, 20, 04, 06, 02, 13, 17, 21, 23, 12, 22""","""66222062, 27212078, 24122092""","""04""",06,44,13,15,07,04,02,299,76,04,06,13,28,48,02,15,09,09,01,00,00,21,"""2223204809, 1311206356""","""30100930, 30207509""",X,X,X,X,X,X,X,X,X,X,X
0505,031,Kansas City Current,20042024,02,home,W,05,02,03,10322,5108,5214,4-2-3-1,"""21, 05, 07, 24, 04, 22, 14, 06, 16, 77, 09""","""02042065, 94162065, 17772065, 47092077, 120620990""","""21""",01,38,23,15,17,11,06,218,74,06,09,17,21,55,02,26,08,13,00,00,00,23,"""09XX100127, 2277100602, 0616205556, 0616206136, 09XX207205""","""21101655, 21207749""",X,X,X,X,X,X,X,X,X,X,X
0205,031,Bay FC,20042024,05,away,L,02,05,02,10322,5108,5214,4-3-3,"""44, 02, 27, 04, 03, 19, 22, 10, 09, 08, 12""","""18221032, 07102067, 15192067, 02272081, 24032081""","""22, 04""",06,62,15,23,11,17,07,406,83,09,06,21,17,47,06,25,13,08,02,00,00,23,"""2710101655, 1218207749""","""44100127, 44100602, 44205556, 44206136, 44207205""",X,X,X,X,X,X,X,X,X,X,X
0119,127,Angel City FC,06092024,08,home,L,02,03,02,11537,5747,5750,4-2-3-1,"""13, 03, 06, 11, 16, 08, 04, 10, 07, 21, 02""","""23102071, 06112071, 99042071, 24032082""","""11""",09,62,12,12,07,07,03,454,83,08,05,19,20,40,04,13,09,09,01,00,00,20,"""2102100741, 1602209830""","""13103057, 13105016, 13205802""","""103057""",K13,Y,NA,NA,NA,NA,R,L,On,N
0819,127,Seattle Reign FC,06092024,01,away,W,03,02,01,11537,5747,5750,4-2-2-2,"""09, 10, 23, 34, 91, 05, 25, 21, 13, 11, 01""","""08101017, 12092071, 03252071, 16912092, 30232092""","""11""",12,38,12,12,07,07,03,228,71,05,08,20,19,46,05,31,09,09,01,00,00,10,"""11XX103057, 91XX105016, 23XX205802""","""01100741, 01209830""","""103057""",S11,Y,R,L,On,N,NA,NA,NA,NA
0609,067,NJ/NY Gotham FC,19051700,03,home,W,02,01,02,10044,4806,5238,4-3-3,"""30, 25, 06, 21, 02, 16, 14, 17, 18, 09, 10""","""13162062, 19112066, 15162066. 77142082, 03272082""","""10""",07,56,15,08,07,06,01,346,76,06,02,17,10,55,03,21,10,06,02,00,00,28,"""1009205639, 1302208951""","""30207327""",X,X,X,X,X,X,X,X,X,X,X
0310,067,Chicago Red Stars,19051700,06,away,L,01,02,00,10044,4806,5238,4-2-3-1,"""19, 23, 03, 12, 28, 04, 13, 09, 34, 24, 55""","""05342064, 08242064, 33552093, 20132093""","""09""",05,44,08,15,06,07,02,241,66,02,06,10,17,64,04,29,06,10,01,00,00,30,"""55XX207327""","""19205639, 19208951""",X,X,X,X,X,X,X,X,X,X,X
1322,150,Utah Royals FC,28092024,11,home,W,01,00,01,10725,5616,5109,4-2-3-1,"""32, 03, 08, 18, 12, 17, 26, 24, 22, 04, 33""","""20041007, 21222046, 07172087""","""04, 08""",13,54,17,11,05,02,05,368,82,08,02,19,13,42,02,13,17,09,04,00,00,22,"""1726207752""",X,X,X,X,X,X,X,X,X,X,X,X
1122,150,Racing Louisville FC,28092024,13,away,L,00,01,00,10725,5616,5109,4-2-3-1,"""01, 11, 20, 03, 02, 08, 26, 16, 14, 07, 88""","""13082046, 09882046, 17162086""","""20""",09,46,11,17,02,05,05,292,78,02,08,13,19,48,04,18,09,17,01,00,00,33,X,"""01207752""",X,X,X,X,X,X,X,X,X,X,X
1121,143,Racing Louisville FC,21092024,07,home,W,02,01,00,10426,5024,5402,4-2-3-1,"""01, 02, 03, 20, 11, 26, 08, 07, 14, 16, 88""","""13082059, 17162068, 21882093""","""20""",11,36,13,09,03,02,03,280,85,03,03,07,14,35,01,25,04,12,01,00,00,14,"""13XX207838, 88XX209139""","""01104203""","""209138""",S88,Y,R,L,On,N,NA,NA,NA,NA
0721,143,North Carolina Courage,21092024,11,away,L,01,02,01,10426,5024,5402,4-2-3-1,"""01, 11, 07, 03, 13, 17, 06, 05, 02, 77, 08""","""09082073, 20132073, 25772084, 27112084, 23172094""","""03, 09""",05,64,09,13,02,03,02,524,89,03,03,14,07,34,01,06,12,04,04,00,00,12,"""0802104203""","""01207838, 01209139""","""209138""",K01,Y,NA,NA,NA,NA,R,L,On,N
0509,059,Kansas City Current,12052024,07,home,W,01,00,00,09822,4614,5208,4-4-2,"""21, 04, 12, 24, 18, 99, 10, 14, 77, 06, 16""","""08772060, 17992060, 94162061, 07182074""","""10""",02,44,21,07,18,04,10,260,73,08,03,28,11,57,02,18,08,07,01,00,00,35,"""99XX205134""",X,X,X,X,X,X,X,X,X,X,X,X
0709,059,North Carolina Courage,12052024,05,away,L,00,01,00,09822,4614,5208,4-2-3-1,"""34, 05, 02, 14, 06, 10, 11, 17, 03, 13, 01""","""08102058, 23342067, 94242076""","""10, 13""",06,56,07,21,04,18,02,342,74,03,08,11,26,47,07,39,07,08,01,00,00,32,X,"""01205134""",X,X,X,X,X,X,X,X,X,X,X
0922,151,Orlando Pride,28092024,04,home,W,03,01,02,11022,5036,5946,4-2-3-1,"""01, 31, 06, 03, 19, 28, 16, 09, 10, 20, 22""","""15162046, 25282064, 07202071, 12312071, 14092089""","""10""",01,55,23,14,10,06,07,370,83,08,04,22,11,52,05,09,11,08,01,00,00,18,"""1912102819, 15XX205011, 1022209115""","""01205256""",X,X,X,X,X,X,X,X,X,X,X
0422,151,Houston Dash,28092024,09,away,L,01,03,01,11022,5036,5946,4-3-3,"""21, 09, 15, 14, 10, 31, 30, 07, 33, 11, 01""","""02212046, 13212066, 17142081, 26222082""","""01""",14,45,14,23,06,10,05,284,77,04,08,11,22,50,07,21,08,11,00,00,00,21,"""1431205256""","""01102819, 01205011, 01209115""",X,X,X,X,X,X,X,X,X,X,X
0822,154,Seattle Reign FC,29092024,02,home,L,00,01,00,10101,5017,5044,4-3-3,"""01, 24, 21, 03, 31, 12, 05, 91, 34, 09, 23""","""23032046, 47232068, 25312068, 30342079, 16122086""","""03, 05""",11,61,13,11,03,06,03,449,80,08,04,24,13,52,05,10,04,09,00,00,00,30,X,"""01102617""","""102616""",K01,Y,NA,NA,NA,NA,L,L,On,N
0222,154,Bay FC,29092024,08,away,W,01,00,00,10101,5017,5044,4-2-3-1,"""08, 09, 12, 55, 19, 23, 24, 04, 13, 03, 99""","""21552057, 10122088""","""04""",08,39,11,13,06,03,02,265,75,04,08,13,24,39,03,32,09,04,01,00,00,28,"""08XX102617""",X,"""102616""",S08,Y,L,L,On,N,NA,NA,NA,NA
1326,176,Utah Royals FC,01112024,06,home,L,01,04,01,10323,5101,5222,4-2-3-1,"""01, 08, 17, 18, 16, 26, 22, 15, 09, 29, 33""","""20292046, 35222085""","""08""",10,44,07,23,02,09,00,296,82,03,13,12,24,40,04,27,07,10,01,00,00,19,"""3308207349""","""01101420, 01101655, 01207647, 01208357""",X,X,X,X,X,X,X,X,X,X,X
0626,176,NJ/NY Gotham FC,01112024,13,away,W,04,01,03,10323,5101,5222,4-1-4-1,"""09, 13, 17, 16, 18, 14, 22, 21, 06, 27, 30""","""02162064, 06132064, 07082085, 03092085, 77112087""","""22""",03,56,23,07,09,02,06,390,86,13,03,24,12,46,01,10,10,07,03,00,00,21,"""1813101420, 22XX101655, 0922207647, 0918208357""","""30207349""",X,X,X,X,X,X,X,X,X,X,X
1112,084,Racing Louisville FC,15062024,06,home,L,00,02,00,10700,5100,5600,4-4-2,"""01, 02, 03, 20, 16, 13, 26, 14, 09, 66, 07""","""23662066, 21092067, 07262074, 17132086""","""20""",07,38,05,09,03,05,01,244,77,04,04,11,17,55,02,12,17,12,02,00,00,27,X,"""01102044, 01205229""",X,X,X,X,X,X,X,X,X,X,X
0612,084,NJ/NY Gotham FC,15062024,11,away,W,02,00,02,10700,5100,5600,4-2-3-1,"""13, 28, 16, 19, 18, 14, 02, 15, 06, 22, 30""","""03192063, 08282063, 07132068, 77142078, 16222078""","""15""",05,62,09,05,05,03,01,465,88,04,04,17,11,46,02,09,12,17,02,00,00,23,"""1819102044, 1322205229""",X,X,X,X,X,X,X,X,X,X,X,X
0115,105,Angel City FC,30062024,09,home,L,00,03,00,10420,4902,5518,4-2-3-1,"""13, 20, 27, 11, 12, 99, 07, 10, 17, 21, 02""","""06242063, 06022063, 03122072, 44202080, 08112080""","""11""",10,51,13,15,10,10,03,294,78,06,02,12,11,46,06,21,10,11,03,00,00,21,X,"""13101918, 13102534, 13209505""",X,X,X,X,X,X,X,X,X,X,X
0915,105,Orlando Pride,30062024,01,away,W,03,00,01,10420,4902,5518,4-4-1-1,"""01, 12, 06, 03, 25, 09, 02, 28, 20, 10, 22""","""15282063, 04122074, 11202074, 12092085""","""10""",02,49,15,13,10,10,01,278,77,02,06,11,12,58,07,16,11,10,01,00,00,31,"""0910101918, 09XX102534, 22XX209505""",X,X,X,X,X,X,X,X,X,X,X,X
0221,142,Bay FC,20092024,09,home,L,00,01,00,09741,4700,5041,4-1-4-1,"""00, 20, 04, 13, 03, 23, 09, 19, 12, 21, 08""","""24202061, 55082077""","""04""",07,45,13,13,06,06,02,324,80,01,04,13,22,37,06,19,08,07,01,00,00,27,X,"""00208347""",X,X,X,X,X,X,X,X,X,X,X
0921,142,Orlando Pride,20092024,02,away,W,01,00,01,09741,4700,5041,4-2-3-1,"""01, 31, 06, 25, 19, 15, 16, 20, 10, 09, 22""","""28202064, 12312064, 03152064, 07162076, 11102080""","""10, 03""",01,55,13,13,06,06,02,404,80,04,01,22,13,50,06,17,07,08,00,00,00,29,"""2219208347""",X,X,X,X,X,X,X,X,X,X,X,X
1002,013,Portland Thorns FC,24032024,06,home,L,00,01,00,10634,5123,5511,4-3-3,"""18, 23, 04, 20, 02, 13, 17, 21, 22, 09, 16""","""12162064, 08212078""","""04""",10,50,15,09,07,07,01,290,73,03,03,25,14,64,05,13,16,15,01,00,00,35,X,"""18207120""",X,X,X,X,X,X,X,X,X,X,X
0601,013,NJ/NY Gotham FC,24032024,10,away,W,01,00,01,10634,5123,5511,4-3-3,"""38, 05, 21, 15, 02, 17, 14, 06, 23, 09, 19""","""18231049, 03052066, 28192066, 08092092""","""05, 15""",08,50,09,15,07,07,01,299,73,03,53,14,25,53,06,35,15,16,04,00,00,21,"""0918207120""",X,X,X,X,X,X,X,X,X,X,X,X
1312,080,Utah Royals FC,08062024,14,home,L,00,01,00,10117,4902,5215,4-3-3,"""01, 05, 17, 08, 12, 22, 10, 19, 04, 09, 15""","""14222057, 30192057, 07152077, 16042088, 20122088"" ","""04, 16""",14,46,11,16,06,11,03,224,75,03,10,11,22,38,06,20,12,07,01,00,00,22,X,"""01102507""",X,X,X,X,X,X,X,X,X,X,X
1412,080,Washington Spirit,08062024,13,away,W,01,00,00,10117,4902,5215,4-2-3-1,"""11, 02, 33, 06, 12, 17, 14, 09, 05, 03, 01""","""16062046, 07332046, 13022066""","""01""",03,54,16,11,11,06,04,260,77,10,03,22,11,50,03,08,07,12,01,00,00,28,"""06XX102507""",X,X,X,X,X,X,X,X,X,X,X,X
0203,019,Bay FC,30032024,04,home,L,02,03,00,10629,4817,5812,4-3-3,"""44, 02, 27, 04, 03, 18, 22, 10, 11, 08, 12""","""09082062, 19182079, 07112080""","""18, 22""",07,55,14,15,10,08,05,371,78,07,04,26,15,63,02,24,09,11,02,00,00,29,"""10XX101823, 09XX209241""","""44206548, 44208608, 44209941""","""208606""",K44,Y,NA,NA,NA,NA,C,L,On,Y
0403,019,Houston Dash,30032024,02,away,W,03,02,01,10629,4817,5812,3-1-4-2,"""11, 16, 12, 10, 09, 07, 31, 17, 08, 13, 01""","""15102060, 30122060, 06312068, 19162081, 14112081""","""01""",12,45,15,14,08,10,03,280,73,04,07,16,26,47,03,27,11,09,02,00,00,35,"""0907206548, 09XX208608, 06XX209941""","""01101823, 01209241""","""208606""",S09,Y,C,L,On,Y,NA,NA,NA,NA
0414,093,Houston Dash,22062024,12,home,D,00,00,00,10606,5100,5506,3-5-2,"""01, 07, 04, 03, 10, 17, 13, 15, 30, 28, 09""","""11152059, 11172060, 19102078, 14282085""","""04""",10,51,06,09,02,05,01,299,76,06,04,22,20,40,03,18,14,13,01,00,00,14,X,X,X,X,X,X,X,X,X,X,X,X,X
1214,093,San Diego Wave,22062024,04,away,D,00,00,00,10606,5100,5506,4-2-3-1,"""19, 18, 15, 77, 21, 24, 20, 02, 04, 16, 01""","""11152059, 05772059, 23182068, 14162068, 10242086""","""02""",09,49,09,06,05,02,02,317,82,04,06,20,22,46,01,16,13,14,01,00,00,25,X,X,X,X,X,X,X,X,X,X,X,X,X
0823,156,Seattle Reign FC,04102024,01,home,L,00,01,00,10433,4931,5502,4-2-3-1,"""01, 25, 21, 32, 24, 16, 46, 23, 09, 91, 34""","""31162063, 47232064, 12242076, 30092090"" ","""34""",11,50,06,11,01,02,X,311,69,09,08,24,19,X,01,13,09,15,01,00,00,24,X,"""01103309""",X,X,X,X,X,X,X,X,X,X,X
0123,156,Angel City FC,04102024,08,away,W,01,00,01,10433,4931,5502,4-2-3-1,"""24, 10, 08, 21, 04, 99, 27, 11, 06, 16, 13""","""20162046, 02062064, 17082081, 23212088""","""11""",10,50,11,06,02,01,X,326,72,08,09,19,24,X,01,35,15,09,02,00,00,13,"""1621103309""",X,X,X,X,X,X,X,X,X,X,X,X
0513,083,Kansas City Current,14062024,03,home,D,02,02,01,10820,5700,5120,4-4-2,"""21, 18, 12, 07, 04, 16, 99, 10, 17, 06, 09""","""14161046, 94092073, 05172074, 47992078, 11102078""","""10""",01,63,28,08,15,04,08,370,79,09,05,24,12,41,00,12,09,06,01,00,00,34,"""09XX205057, 0699205722""","""21100502, 21208943""",X,X,X,X,X,X,X,X,X,X,X
0313,083,Chicago Red Stars,14062024,05,away,D,02,02,02,10820,5700,5120,4-4-2,"""55, 09, 13, 20, 04, 15, 12, 41, 03, 23, 01""","""08152961, 10202073, 11552083"" ","""01""",06,37,08,28,04,15,02,165,60,05,09,12,24,54,05,35,06,09,01,00,00,20,"""0915100502, 0309208943""","""01205057, 01205722""",X,X,X,X,X,X,X,X,X,X,X
0408,052,Houston Dash,08052024,06,home,L,00,01,00,10310,5034,5236,3-5-2,"""01, 08, 13, 07, 15, 20, 10, 31, 11, 28, 09""","""19311038, 04102046, 30142046, 16282068, 33132084""","""01""",13,48,03,19,02,11,00,283,77,00,08,04,26,36,04,37,13,04,02,00,00,21,X,"""01100747""",X,X,X,X,X,X,X,X,X,X,X
0607,052,NJ/NY Gotham FC,08052024,04,away,W,01,00,00,10310,5034,5236,4-3-3,"""13, 09, 10, 19, 14, 17, 25, 06, 21, 02, 30""","""03022076, 18102076, 16132076, 77192089, 22092095""","""10, 14""",09,52,19,03,11,02,06,309,79,08,00,26,04,59,02,04,08,13,02,00,00,21,"""10XX100747""",X,X,X,X,X,X,X,X,X,X,X,X
0421,144,Houston Dash,21092024,08,home,W,01,00,00,10020,4702,5318,4-3-3,"""01, 02, 07, 33, 30, 14, 10, 31, 15, 09, 11""","""17142071, 21102085, 22112090""","""01""",14,37,10,11,02,02,02,231,81,05,05,13,26,44,02,27,12,11,04,00,00,17,"""14XX204934""",X,X,X,X,X,X,X,X,X,X,X,X
0821,144,Seattle Reign FC,21092024,04,away,L,00,01,00,10020,4702,5318,4-3-3,"""34, 09, 23, 16, 05, 91, 31, 21, 03, 25, 01""","""30232059, 24312059, 13252077, 02072086""","""03""",10,63,11,10,02,02,03,423,87,05,05,26,13,49,01,15,11,12,02,00,00,29,X,"""01204934""",X,X,X,X,X,X,X,X,X,X,X
0311,074,Chicago Red Stars,25052024,11,home,L,00,01,00,09834,5003,4831,4-2-3-1,"""19, 23, 03, 12, 28, 04, 13, 09, 34, 24, 55""","""33242046, 10342066, 41282081, 20042081, 08552086""","""09""",05,45,13,21,09,09,04,258,73,04,08,09,33,40,03,43,15,10,03,00,00,20,X,"""19102512""",X,X,X,X,X,X,X,X,X,X,X
1110,074,Racing Louisville FC,25052024,03,away,W,01,00,00,09834,5003,4831,4-2-3-1,"""23, 13, 07, 09, 26, 14, 02, 03, 20, 16, 01""","""66092066, 21232079, 17132090""","""20""",10,55,21,13,09,09,05,333,80,08,04,33,09,46,05,20,10,15,02,00,00,14,"""13XX102512""",X,X,X,X,X,X,X,X,X,X,X,X
1126,182,Racing Louisville FC,03112024,12,home,L,01,03,00,09804,4703,5101,4-2-3-1,"""88, 13, 09, 16, 14, 26, 02, 05, 20, 11, 01""","""08262046, 17132061, 21162061, 18882072, 15052078""","""20""",09,41,15,14,04,08,03,285,81,02,08,11,17,30,05,16,09,07,02,00,00,15,"""88XX206735""","""01100206, 01102141, 01207538""",X,X,X,X,X,X,X,X,X,X,X
1226,182,San Diego Wave,03112024,11,away,W,03,01,02,09804,4703,5101,4-2-3-1,"""01, 75, 14, 20, 06, 24, 05, 77, 11, 69, 19""","""15752030, 07192046, 21772067, 23112078""","""01""",12,59,14,15,08,04,03,416,83,08,02,17,11,44,03,12,07,09,01,00,00,26,"""1169100206, 77XX102141, 2169207538""","""01206735""",X,X,X,X,X,X,X,X,X,X,X
0801,005,Seattle Reign FC,17032024,14,home,W,01,00,00,11252,5442,5810,4-4-2,"""01, 17, 25, 21, 11, 05, 10, 06, 91, 09, 08""","""33082063, 03172063, 12912094, 22252094, 47882096""","""10, 03""",X,50,14,02,11,02,05,358,79,04,03,21,10,48,01,16,10,13,00,00,00,29,"""08XX100202""",X,"""100202""",S08,Y,L,L,On,N,NA,NA,NA,NA
1401,005,Washington Spirit,17032024,08,away,L,00,01,00,11252,5442,5810,4-2-3-1,"""33, 13, 07, 11, 12, 17, 14, 09, 03, 06, 01""","""05061047, 08132065, 16332065, 18072092""","""01""",X,50,02,14,02,11,01,366,79,03,04,10,21,47,05,26,13,10,02,01,00,19,X,"""01100202""","""100202""",K01,Y,NA,NA,NA,NA,L,L,On,N
1218,126,San Diego Wave,01092024,14,home,D,01,01,00,10258,4715,5543,4-2-3-1,"""01, 14, 04, 12, 06, 15, 05, 69, 77, 25, 13""","""20062062, 07132070, 10252070, 23692089, 18772089""","""13, 15""",10,54,08,18,02,04,02,391,84,04,06,22,17,47,04,28,08,10,00,00,01,21,"""14XX206715""","""01102938""",X,X,X,X,X,X,X,X,X,X,X
1418,126,Washington Spirit,01092024,12,away,D,01,01,00,10258,4715,5543,4-3-3,"""02, 11, 19, 17, 12, 10, 26, 09, 05, 03, 01""","""08192062, 16172079, 14032079""","""01""",03,46,18,08,04,02,07,332,82,06,04,17,22,43,01,22,10,08,00,00,00,37,"""OG14102938""","""01206715""",X,X,X,X,X,X,X,X,X,X,X